Company_Name,ship_name,built_year,gt,gt2,dwt,length,width,height,a_lenght,a_area,v_displaced,draught,depth_ofhole,v_ship,Q,time,time in min,y
PRELUDE,Offshore Support Vessel,2017,49.9167,499167,394330,489,74,111,111,5,48732.26541,1.35,1.35,4016646,25.7196423,154275.6189,25.71260316,27
MSC LORETO,Container Ship,2023,23.6184,236184,240000,399,60,90,90,5,23057.97734,0.1,0.1,2154600,7,304506.0032,50.75100054,52
MSC FEBE,Container Ship,2019,23.2618,232618,228149,400,62,93,92,7,22709.83882,0.09,0.91,2306400,29.56288213,77248.56294,12.87476049,14
MSC ARINA,Container Ship,2019,22.8741,228741,228111,400,61,91.5,91,18,22331.33825,0.09,0.41,2232600,51.02611096,43316.42408,7.219404014,8
EVER GOVERN,Container Ship,2019,21.9688,219688,198937,400,59,88.5,88,15,21447.51941,0.09,0.41,2088600,42.52175914,48613.99252,8.102332087,9
MAASTRICHT MAERSK,Container Ship,2019,21.4286,214286,190326,399,59,88.5,88,16,20920.1374,0.09,0.41,2083378.5,45.35654308,45472.12425,7.578687376,9
ONE TREASURE,Container Ship,2018,21.0691,210691,189766,400,58,87,86,3,20569.1677,0.09,0.91,2018400,12.66980663,157684.3981,26.28073302,27
ORE SHENZHEN,Bulk Carrier,2018,20.3953,203953,398997,362,65,97.5,97,17,19911.35577,0.08,0.42,2294175,48.77548565,46627.18606,7.771197676,9
SAHAM MAX,Bulk Carrier,2013,20.1705,201705,400694,360,65,97.5,97,12,19691.88988,0.08,0.42,2281500,34.42975457,65693.41368,10.94890228,12
BARZAN,Container Ship,2015,19.5636,195636,199744,400,59,88.5,88,6,19099.39054,0.08,0.42,2088600,17.21487729,120215.8212,20.0359702,21
MARSTAL MAERSK,Container Ship,2014,19.4849,194849,213971,399,59,88.5,88,18,19022.55795,0.08,0.42,2083378.5,51.64463186,39972.3237,6.66205395,8
MSC DIANA,Container Ship,2016,19.425,194250,202036,400,59,88.5,88,11,18964.07927,0.08,0.42,2088600,31.56060836,65576.55344,10.92942557,12
COSTA TOSCANA,Passenger (Cruise) Ship,2021,18.6364,186364,13000,337,42,63,63,8,18194.19134,0.13,0.13,891702,12.76996476,68403.30612,11.40055102,12
MSC NEW YORK,Container Ship,2014,17.649,176490,186766,399,54,81,80,12,17230.22059,0.08,0.92,1745226,50.95692298,33910.91295,5.651818825,7
MSC MERAVIGLIA,Passenger (Cruise) Ship,2017,17.1598,171598,12200,316,43,64.5,64,10,16752.62844,0.12,0.38,876426,27.29102417,31500.2239,5.250037316,6
ATHERINA,Crude Oil Tanker,2011,16.9919,169919,319471,340,60,90,89,6,16588.71241,0.08,0.92,1836000,25.47846149,71409.77834,11.90162972,13
AL GHUWAIRIYA,LNG Tanker,2008,16.8189,168189,154940,345,55,82.5,82,13,16419.81739,0.09,0.41,1565437.5,36.85219125,42033.25854,7.00554309,8
HONG KONG SPIRIT,Crude Oil Tanker,2013,16.6231,166231,318473,333,60,90,90,16,16228.66338,0.08,0.08,1798200,20.03516908,88942.16613,14.82369436,16
NEW PROSPERITY,Crude Oil Tanker,2015,16.5209,165209,318607,333,60,90,90,5,16128.8884,0.08,0.08,1798200,6.260990337,284630.8676,47.43847793,48
NEW WISDOM,Crude Oil Tanker,2011,16.468,164680,317960,333,60,90,90,12,16077.24362,0.08,0.08,1798200,15.02637681,118599.6318,19.7666053,21
DAN,Crude Oil Tanker,2009,16.4241,164241,319999,333,60,90,90,11,16034.38529,0.08,0.08,1798200,13.77417874,129384.528,21.564088,23
ATBAN,Crude Oil Tanker,1996,16.3882,163882,300361,340,56,84,84,7,15999.33714,0.08,0.08,1599360,8.765386472,180637.861,30.10631016,31
SAN RAMON VOYAGER,Crude Oil Tanker,2019,16.3214,163214,318608,336,60,90,89,3,15934.12218,0.08,0.92,1814400,12.73923075,141175.3907,23.52923178,25
NISALAH,Crude Oil Tanker,2010,16.2863,162863,319287,333,60,90,89,15,15899.85504,0.08,0.92,1798200,63.69615373,27981.28365,4.663547275,6
DHT OPAL,Crude Oil Tanker,2012,16.2557,162557,320105,333,60,90,89,18,15869.98113,0.08,0.92,1798200,76.43538448,23318.12721,3.886354536,5
JAHAM,Crude Oil Tanker,2008,16.2252,162252,319430,332,60,90,90,14,15840.20484,0.08,0.08,1792800,17.53077294,101362.3188,16.89371979,18
MARAN THETIS,Crude Oil Tanker,2012,16.2018,162018,320105,333,60,90,89,10,15817.36008,0.08,0.92,1798200,42.46410249,41973.86817,6.995644696,8
GENT,Crude Oil Tanker,2005,16.1632,161632,319180,333,60,90,90,15,15779.67599,0.08,0.08,1798200,18.78297101,94895.54783,15.81592464,17
SEAWAYS DIAMOND HEAD,Crude Oil Tanker,2016,16.1319,161319,299989,333,60,90,89,19,15749.11868,0.08,0.92,1798200,80.68179472,22092.35537,3.682059229,5
BIG STAR,Crude Oil Tanker,2004,16.1175,161175,319247,333,60,90,89,17,15735.06037,0.08,0.92,1798200,72.18897423,24691.65075,4.115275125,5
OLYMPIC LIFE,Crude Oil Tanker,2019,16.0874,160874,318676,333,60,90,89,16,15705.67459,0.08,0.92,1798200,67.94256398,26235.31143,4.372551905,5
STELLAR RIO,Bulk Carrier,1994,16.0666,160666,298450,332,58,87,87,20,15685.36813,0.08,0.08,1675272,25.04396135,66266.93792,11.04448965,12
AWTAD,Crude Oil Tanker,2011,16.0493,160493,309988,333,60,90,89,11,15668.47863,0.08,0.92,1798200,46.71051274,38161.2493,6.360208216,7
SPLENDOR,Crude Oil Tanker,1993,16.0299,160299,306474,331,58,87,87,11,15649.53896,0.08,0.08,1670226,13.77417874,120121.6052,20.02026754,21
PIONEER,Crude Oil Tanker,1999,16.0216,160216,306397,334,58,87,87,11,15641.4359,0.08,0.08,1685364,13.77417874,121221.2064,20.2035344,21
BASRA,Crude Oil Tanker,2021,16.0087,160087,298981,339,60,90,90,12,15628.842,0.08,0.08,1830600,15.02637681,120785.6811,20.13094686,21
NEW PEARL,Crude Oil Tanker,2011,16.0043,160043,301866,333,60,90,90,18,15624.5464,0.08,0.08,1798200,22.53956521,79086.50574,13.18108429,14
SAKE,Crude Oil Tanker,2005,15.9938,159938,300390,333,60,90,89,3,15614.29555,0.08,0.92,1798200,12.73923075,139928.834,23.32147233,24
NEW PRIME,Crude Oil Tanker,2018,15.9843,159843,311003,333,60,90,90,4,15605.02097,0.08,0.08,1798200,5.00879227,355893.1741,59.31552901,60
PLATA GLORY,Crude Oil Tanker,1999,15.9423,159423,300133,333,60,90,90,13,15564.01755,0.08,0.08,1798200,16.27857488,109508.1109,18.25135181,19
DHT BAUHINIA,Crude Oil Tanker,2007,15.9158,159158,301019,332,58,87,86,17,15538.14635,0.08,0.92,1675272,72.18897423,22991.51458,3.831919097,5
TAKAMATSU MARU,Crude Oil Tanker,2012,15.8424,158424,311087,333,60,90,90,15,15466.488,0.08,0.08,1798200,18.78297101,94912.22187,15.81870365,17
LEXIE,Crude Oil Tanker,2001,15.7831,157831,298911,332,58,87,86,9,15408.59508,0.08,0.92,1675272,38.21769224,43431.80626,7.238634376,8
MAXIM,Crude Oil Tanker,2011,15.7351,157351,296887,330,60,90,90,8,15361.73404,0.08,0.08,1782000,10.01758454,176353.7167,29.39228612,30
NEW PIONEER,Crude Oil Tanker,2010,15.7052,157052,297058,330,60,90,89,9,15332.54351,0.08,0.92,1782000,38.21769224,46226.42952,7.704404919,9
NEW PROSPECT,Crude Oil Tanker,2009,15.6921,156921,297934,330,60,90,90,16,15319.75435,0.08,0.08,1782000,20.03516908,88178.95366,14.69649228,16
NASHA,Crude Oil Tanker,1996,15.6809,156809,298732,332,58,87,87,20,15308.82011,0.08,0.08,1675272,25.04396135,66281.9734,11.04699557,12
GAZA MARINE TERMINAL,FSO,2016,15.651,156510,265869,338,51,76.5,76,18,15279.62958,0.09,0.41,1318707,51.02611096,25544.32125,4.257386874,5
STELLAR UNICORN,Bulk Carrier,1993,15.6352,156352,279022,330,56,84,83,4,15264.20449,0.08,0.92,1552320,16.98564099,90491.48019,15.08191336,16
SEAWAYS ENTERPRISE,Crude Oil Tanker,2023,15.6186,156186,300000,336,60,90,89,19,15247.99838,0.08,0.92,1814400,80.68179472,22299.35524,3.716559206,5
YIANNIS LATSIS,Crude Oil Tanker,2022,15.4792,154792,299999,330,60,90,90,11,15111.90609,0.08,0.08,1782000,13.77417874,128275.3859,21.37923099,22
ALICE,Crude Oil Tanker,2016,15.4379,154379,299320,333,60,90,89,3,15071.58607,0.08,0.92,1798200,12.73923075,139971.4354,23.32857257,24
SEAPASSION,Crude Oil Tanker,2017,15.4182,154182,299271,333,60,90,90,9,15052.35351,0.08,0.08,1798200,11.26978261,158223.7838,26.37063063,27
BING N,Bulk Carrier,1992,15.403,154030,322941,339,55,82.5,82,11,15037.51418,0.08,0.42,1538212.5,31.56060836,48261.90194,8.043650323,9
MAERSK HANOI,Container Ship,2018,15.3773,153773,178257,353,54,81,80,18,15012.424,0.08,0.92,1544022,76.43538448,20003.94956,3.333991594,4
MSC SEASIDE,Passenger (Cruise) Ship,2017,15.3516,153516,19209,323,41,61.5,61,3,14987.33381,0.11,0.39,814444.5,8.294335416,96385.92196,16.06432033,17
MSC VALERIA,Container Ship,2012,15.3115,153115,165966,366,51,76.5,76,3,14948.18531,0.08,0.42,1427949,8.607438643,164160.4283,27.36007139,28
COSRICH LAKE,Crude Oil Tanker,2012,15.2727,152727,297336,330,60,90,90,9,14910.30597,0.08,0.08,1782000,11.26978261,156798.9158,26.13315263,27
EROS,Crude Oil Tanker,2000,15.2139,152139,284170,330,60,90,89,11,14852.90119,0.08,0.92,1782000,46.71051274,37831.89255,6.305315425,7
GEMMA,Bulk Carrier,2012,15.1915,151915,313049,330,57,85.5,85,10,14831.0327,0.08,0.42,1608255,28.69146214,55536.52021,9.256086702,10
HUGO N,Bulk Carrier,2011,15.1448,151448,297088,327,55,82.5,82,8,14785.44081,0.08,0.42,1483762.5,22.95316972,63998.87586,10.66647931,12
CMA CGM ARCTIC,Container Ship,2022,15.0844,150844,159614,366,51,76.5,76,10,14726.47399,0.08,0.42,1427949,28.69146214,49255.85594,8.209309323,9
MANARA,Passenger (Cruise) Ship,2017,15.0695,150695,15370,335,44,66,65,10,14711.92754,0.1,0.9,972840,42,22812.57315,3.802095526,5
MSC VIRGO,Container Ship,2020,14.9525,149525,158097,366,48,72,72,19,14597.70375,0.08,0.08,1264896,23.79176328,52551.729,8.758621499,10
THESEUS,Container Ship,2016,14.921,149210,153594,369,51,76.5,76,15,14566.95118,0.08,0.42,1439653.5,43.03719322,33112.90636,5.518817726,7
PACIFIC CORAL,Bulk Carrier,1995,14.8169,148169,265278,324,56,84,83,15,14465.32129,0.08,0.92,1524096,63.69615373,23700.4998,3.9500833,5
YM WHOLESOME,Container Ship,2015,14.5324,145324,145502,368,51,76.5,76,9,14187.57197,0.08,0.42,1435752,25.82231593,55051.77893,9.175296488,10
DIAMOND GAS ROSE,LNG Tanker,2018,14.4828,144828,94145,294,49,73.5,73,18,14139.14889,0.1,0.4,1058841,50.4,20728.21133,3.454701889,4
ULSAN EXPRESS,Container Ship,2014,14.3262,143262,142023,367,48,72,71,13,13986.26473,0.08,0.92,1268352,55.20333323,22722.64484,3.787107474,5
HYUNDAI PRIDE,Container Ship,2014,14.262,142620,145683,366,48,72,71,16,13923.58808,0.08,0.92,1264896,67.94256398,18412.20494,3.068700823,4
COSCO GLORY,Container Ship,2011,14.1823,141823,140637,366,48,72,72,11,13845.77922,0.08,0.08,1264896,13.77417874,90825.75769,15.13762628,16
MAERSK ESSEN,Container Ship,2010,14.1716,141716,148723,366,48,72,72,8,13835.33311,0.08,0.08,1264896,10.01758454,124886.4596,20.81440993,22
CELEBRITY BEYOND,Passenger (Cruise) Ship,2022,14.142,141420,13991,306,39,58.5,58,4,13806.43547,0.12,0.38,698139,10.91640967,62688.42829,10.44807138,11
OOCL POLAND,Container Ship,2013,14.1003,141003,144342,366,48,72,71,19,13765.72494,0.08,0.92,1264896,80.68179472,15506.9713,2.584495216,4
MARINER OF THE SEAS,Passenger (Cruise) Ship,2003,13.9863,139863,9616,311,39,58.5,58,12,13654.42995,0.11,0.39,709546.5,33.17734167,20974.91948,3.495819914,4
ONAIZA,LNG Tanker,2009,13.698,136980,121939,315,50,75,75,10,13372.9708,0.08,0.08,1181250,12.52198067,93266.15809,15.54435968,17
AL GHARRAFA,LNG Tanker,2008,13.641,136410,106898,315,50,75,74,10,13317.32331,0.08,0.92,1181250,42.46410249,27504.00004,4.584000007,6
BERGE ELBRUS,Bulk Carrier,2015,13.5472,135472,250379,325,57,85.5,85,15,13225.74902,0.07,0.43,1583887.5,43.54652684,36068.58836,6.011431393,7
SERI CAMELLIA,LNG Tanker,2016,13.3948,133948,84333,290,46,69,68,13,13076.9652,0.1,0.9,920460,54.6,16618.7369,2.769789484,4
INDIGO HOPE,Bulk Carrier,2013,13.2508,132508,251019,330,57,85.5,85,14,12936.38206,0.07,0.43,1608255,40.64342505,39251.57921,6.541929869,8
PETROBRAS-47,Offshore Support Vessel,1976,13.1242,131242,260349,344,52,78,78,13,12812.78606,0.07,0.07,1395264,15.22721248,90788.20011,15.13136668,16
MARVEL EAGLE,LNG Tanker,2018,12.8917,128917,83571,300,49,73.5,73,5,12585.80287,0.09,0.41,1080450,14.17391971,75340.07662,12.55667944,14
ENSHU MARU,LNG Tanker,2018,12.7088,127088,83708,293,49,73.5,73,6,12407.24276,0.09,0.41,1055239.5,17.00870365,61311.68362,10.21861394,11
ALTO ACRUX,LNG Tanker,2008,12.2361,122361,80229,288,49,73.5,73,5,11945.75909,0.08,0.42,1037232,14.34573107,71469.77981,11.91162997,13
LNG JUPITER,LNG Tanker,2009,12.1675,121675,81950,290,49,73.5,73,13,11878.78685,0.08,0.42,1044435,37.29890079,27683.28801,4.613881336,6
ENERGY FRONTIER,LNG Tanker,2003,11.9393,119393,73795,290,49,73.5,73,10,11656.00163,0.08,0.42,1044435,28.69146214,35996.03928,5.99933988,7
ELISA AQUILA,LNG Tanker,2022,11.8753,118753,95131,297,47,70.5,70,10,11593.52023,0.08,0.42,984109.5,28.69146214,33895.6577,5.649276283,7
YM TUTORIAL,Container Ship,2022,11.8523,118523,136899,333,48,72,71,12,11571.06598,0.07,0.93,1150848,51.23311429,22237.12046,3.706186743,5
EVER FUTURE,Container Ship,2021,11.734,117340,127076,334,48,72,71,10,11455.57303,0.07,0.93,1154304,42.69426191,26768.19731,4.461366219,5
UMM AL ASHTAN,LNG Tanker,1997,11.6703,116703,73100,290,48,72,72,12,11393.38452,0.08,0.08,1002240,15.02637681,65940.48772,10.99008129,12
CSCL SOUTH CHINA SEA,Container Ship,2014,11.6568,116568,121185,335,49,73.5,73,3,11380.20485,0.07,0.43,1206502.5,8.709305368,137223.6068,22.87060113,24
COOL RACER,LNG Tanker,2021,11.6354,116354,93423,299,46,69,68,18,11359.31263,0.08,0.92,949026,76.43538448,12267.44254,2.044573757,3
VENTURA,Passenger (Cruise) Ship,2008,11.6017,116017,8044,289,36,54,54,13,11326.41228,0.11,0.11,561816,19.08832104,28839.07844,4.806513074,6
GASLOG GEORGETOWN,LNG Tanker,2020,11.5636,115636,88184,293,46,69,69,11,11289.21632,0.08,0.08,929982,13.77417874,66696.73749,11.11612292,12
BW ENN SNOW LOTUS,LNG Tanker,2022,11.5373,115373,93980,295,46,69,68,4,11263.54037,0.08,0.92,936330,16.98564099,54461.67501,9.076945834,10
PAN AFRICA,LNG Tanker,2019,11.4996,114996,88438,290,47,70.5,70,9,11226.73493,0.08,0.42,960915,25.82231593,36777.8114,6.129635233,7
BW PAVILIONARANTHERA,LNG Tanker,2020,11.4622,114622,95788,295,46,69,69,4,11190.22236,0.08,0.08,936330,5.00879227,184703.1635,30.78386059,32
SPIRIT OF HELA,LNG Tanker,2010,11.4277,114277,87130,298,46,69,69,11,11156.54099,0.08,0.08,945852,13.77417874,67858.52547,11.30975425,12
BEIDOU STAR,LNG Tanker,2015,11.4166,114166,96355,290,47,70.5,70,18,11145.70437,0.08,0.42,960915,51.64463186,18390.4747,3.065079117,4
EXPRESS ROME,Container Ship,2011,11.3973,113973,122961,349,46,69,68,6,11126.86232,0.07,0.93,1107726,25.61655715,42808.21702,7.134702837,8
MARAN GAS ANDROS,LNG Tanker,2019,11.3793,113793,94638,295,46,69,68,19,11109.28943,0.08,0.92,936330,80.68179472,11467.52763,1.911254606,3
MACOMA,LNG Tanker,2017,11.3557,113557,95253,295,46,69,69,15,11086.24942,0.08,0.08,936330,18.78297101,49259.71243,8.209952072,9
NAVIOS UNISON,Container Ship,2010,11.3412,113412,118800,350,46,69,69,5,11072.09348,0.07,0.07,1110900,5.856620186,187792.2542,31.29870903,32
FLEX ENDEAVOUR,LNG Tanker,2018,11.3049,113049,95803,295,46,69,68,15,11036.65481,0.08,0.92,936330,63.69615373,14526.67533,2.421112555,3
SEASPAN THAMES,Container Ship,2014,11.2967,112967,115304,337,48,72,71,14,11028.64938,0.07,0.93,1164672,59.77196667,19300.74272,3.216790453,4
GASLOG GENEVA,LNG Tanker,2016,11.2764,112764,87760,291,46,69,68,12,11008.83107,0.08,0.92,923634,50.95692298,17909.73857,2.984956428,4
CMA CGM PELLEAS,Container Ship,2008,11.1249,111249,120854,350,43,64.5,64,7,10860.92589,0.07,0.43,970725,20.32171253,47233.42449,7.872237415,9
ISH,FSO,1995,11.0895,110895,71564,293,46,69,68,15,10826.36587,0.08,0.92,929982,63.69615373,14430.31612,2.405052687,3
CARNIVAL CONQUEST,Passenger (Cruise) Ship,2002,11.0475,110475,10000,290,36,54,54,6,10785.36246,0.1,0.1,563760,8.4,65830.31399,10.971719,12
GOLDEN SPRAY,Bulk Carrier,2021,10.9716,109716,210667,300,49,73.5,73,13,10711.26343,0.07,0.43,1080450,37.74032326,28344.71579,4.724119298,6
APL MIAMI,Container Ship,2014,10.9712,109712,115036,328,45,67.5,67,13,10710.87292,0.07,0.43,996300,37.74032326,26115.0155,4.352502584,5
ZIM YANTIAN,Container Ship,2006,10.9149,109149,107492,351,43,64.5,64,11,10655.90882,0.07,0.43,973498.5,31.93411968,30150.90445,5.025150741,6
CAPE BROLGA,Bulk Carrier,2021,10.8697,108697,211982,300,50,75,75,15,10611.78133,0.07,0.07,1125000,17.56986056,63426.12766,10.57102128,12
MINERAL YANGFAN,Bulk Carrier,2019,10.813,108130,206392,300,50,75,75,9,10556.42672,0.07,0.07,1125000,10.54191633,105715.4637,17.61924395,19
MINERAL HIROSHIGE,Bulk Carrier,2019,10.7916,107916,208572,300,50,75,74,20,10535.53451,0.07,0.93,1125000,85.38852382,13051.6891,2.175281516,3
GUANG LI HAI,Bulk Carrier,2017,10.7844,107844,207241,300,50,75,74,15,10528.50535,0.07,0.93,1125000,64.04139286,17402.36189,2.900393649,4
GOLDEN COMFORT,Bulk Carrier,2020,10.7737,107737,208385,300,50,75,74,5,10518.05924,0.07,0.93,1125000,21.34713095,52207.57502,8.701262503,10
HENRIETTE OLDENDORFF,Bulk Carrier,2016,10.77,107700,209067,300,50,75,74,8,10514.44704,0.07,0.93,1125000,34.15540953,32629.84014,5.438306691,6
LINDA OLDENDORFF,Bulk Carrier,2014,10.7553,107553,207562,300,50,75,75,12,10500.09584,0.07,0.07,1125000,14.05588845,79290.60539,13.2151009,14
FRIEDRICH OLDENDORFF,Bulk Carrier,2020,10.745,107450,208822,300,50,75,74,4,10490.04024,0.07,0.93,1125000,17.07770476,65261.10945,10.87685158,12
SAMJOHN DREAM,Bulk Carrier,2012,10.7198,107198,206610,300,50,75,74,18,10465.4382,0.07,0.93,1125000,76.84967144,14502.7889,2.417131483,3
FPMC B NATURE,Bulk Carrier,2015,10.7026,107026,207987,300,50,75,74,12,10448.64632,0.07,0.93,1125000,51.23311429,21754.5111,3.62575185,5
MATHILDE OLDENDORFF,Bulk Carrier,2013,10.6847,106847,206080,300,50,75,75,19,10431.17106,0.07,0.07,1125000,22.25515671,50081.37411,8.346895686,9
CAPE SASANQUA,Bulk Carrier,2011,10.6413,106413,207860,300,50,75,75,14,10388.80086,0.07,0.07,1125000,16.39853652,67970.16293,11.32836049,12
BAO GUO,Bulk Carrier,2007,10.6367,106367,207875,300,50,75,75,19,10384.31001,0.07,0.07,1125000,22.25515671,50083.47974,8.347246623,9
C.S. BRILLIANCE,Bulk Carrier,2019,10.5964,105964,208480,300,50,75,75,17,10344.96626,0.07,0.07,1125000,19.91250863,55977.62966,9.329604943,10
ONE ARCADIA,Container Ship,2011,10.5644,105644,95660,332,45,67.5,67,20,10313.72556,0.07,0.43,1008450,58.06203579,17190.85907,2.865143178,4
NETADOLA,Bulk Carrier,2007,10.4721,104721,206312,300,50,75,75,18,10223.61568,0.07,0.07,1125000,21.08383267,52873.51697,8.812252828,10
MARAN GAS DELPHI,LNG Tanker,2014,10.3928,103928,89670,294,44,66,65,12,10146.19732,0.08,0.92,853776,50.95692298,16555.7446,2.759290767,4
COSTA FORTUNA,Passenger (Cruise) Ship,2003,10.2669,102669,8200,272,36,54,53,13,10023.28471,0.1,0.9,528768,54.6,9500.818961,1.583469827,3
KOOL CRYSTAL,LNG Tanker,2014,10.21,102100,82058,286,43,64.5,64,16,9967.734843,0.08,0.42,793221,45.90633943,17061.98479,2.843664132,4
CAPE KORI,Bulk Carrier,2004,10.1933,101933,203277,300,50,75,75,14,9951.431105,0.07,0.07,1125000,16.39853652,67996.8342,11.3328057,12
EVER LISSOME,Container Ship,2014,10.1063,101063,103891,335,46,69,69,12,9866.49546,0.06,0.06,1063290,13.01322404,80950.23194,13.49170532,14
ATLANTIC SEA,Container Ship,2016,10.043,100430,55738,296,38,57,56,18,9804.697456,0.09,0.91,641136,76.01883977,8304.932099,1.38415535,2
EVER LIVELY,Container Ship,2014,9.9995,99995,103668,335,46,69,69,10,9762.229634,0.06,0.06,1063290,10.84435337,97149.89308,16.19164885,17
MEIN SCHIFF 3,Passenger (Cruise) Ship,2014,9.9526,99526,7900,293,42,63,63,17,9716.442488,0.08,0.08,775278,21.28736715,35963.18663,5.993864438,7
LNG IMO,LNG Tanker,2008,9.8798,98798,83688,288,43,64.5,64,20,9645.369902,0.08,0.42,798768,57.38292429,13751.872,2.291978667,3
AMALI,LNG Tanker,2011,9.849,98490,72800,284,43,64.5,64,4,9615.300732,0.08,0.42,787674,11.47658486,67795.31619,11.29921937,12
NYK VENUS,Container Ship,2007,9.7825,97825,103207,338,46,69,69,16,9550.378659,0.06,0.06,1072812,17.35096539,61279.68084,10.21328014,11
ENERGOS MARIA,LNG Tanker,2006,9.7491,97491,84823,277,43,64.5,64,13,9517.771181,0.08,0.42,768259.5,37.29890079,20342.20078,3.390366797,4
TRAIGUEN,Container Ship,2013,9.6628,96628,116384,300,48,72,72,20,9433.518927,0.07,0.07,1036800,23.42648074,43854.9218,7.309153634,8
MSC ELODIE,Container Ship,2015,9.6333,96333,127360,300,48,72,72,12,9404.718909,0.07,0.07,1036800,14.05588845,73093.5853,12.18226422,13
CMA CGM JEAN GABRIEL,Container Ship,2018,9.6223,96223,110200,300,48,72,71,19,9393.97992,0.07,0.93,1036800,81.11909763,12665.40248,2.110900413,3
MSC ELAINE,Container Ship,2009,9.5681,95681,98968,340,46,69,69,10,9341.06599,0.06,0.06,1079160,10.84435337,98652.16464,16.44202744,17
MSC JEONGMIN,Container Ship,2016,9.5514,95514,110482,300,48,72,72,11,9324.762251,0.06,0.06,1036800,11.92878871,86134.07975,14.35567996,15
MSC AZOV,Container Ship,2014,9.5166,95166,112434,300,48,72,72,16,9290.787993,0.06,0.06,1036800,17.35096539,59219.13789,9.869856315,11
STAR OPHELIA,Bulk Carrier,2010,9.5047,95047,180716,292,45,67.5,67,3,9279.170359,0.07,0.43,886950,8.709305368,100773.9185,16.79565309,18
GOLAR ARCTIC,LNG Tanker,2003,9.4934,94934,74894,280,43,64.5,64,7,9268.138488,0.08,0.42,776580,20.0840235,38205.08682,6.36751447,7
SG FOUNDATION,Bulk Carrier,2009,9.4863,94863,180403,295,46,69,68,18,9261.206958,0.07,0.93,936330,76.84967144,12063.40607,2.010567679,3
RAMBO,Bulk Carrier,2003,9.4779,94779,184872,290,47,70.5,70,10,9253.006275,0.07,0.43,960915,29.03101789,32780.86897,5.463478162,6
EVER DEVOTION,Bulk Carrier,2012,9.471,94710,180125,295,46,69,69,11,9246.27,0.07,0.07,936330,12.88456441,71953.05178,11.9921753,13
MILLIE,Bulk Carrier,2009,9.471,94710,180311,295,46,69,69,14,9246.27,0.07,0.07,936330,16.39853652,56534.54068,9.422423447,10
COSCOSHIPPING DANUBE,Container Ship,2016,9.4623,94623,111290,300,48,72,72,12,9237.776436,0.06,0.06,1036800,13.01322404,78962.92419,13.16048736,14
WANG MAY,Bulk Carrier,2019,9.4528,94528,180682,292,45,67.5,67,13,9228.501854,0.07,0.43,886950,37.74032326,23256.86222,3.876143703,5
MSC AGADIR,Container Ship,2012,9.4453,94453,112516,299,48,72,72,18,9221.179815,0.06,0.06,1033344,19.51983606,52465.74904,8.744291506,10
JUDITH SCHULTE,Container Ship,2013,9.4402,94402,111861,300,48,72,71,4,9216.200829,0.06,0.94,1036800,17.16927488,59850.15711,9.975026185,11
MARIPERLA,Bulk Carrier,2009,9.4232,94232,179759,292,45,67.5,67,16,9199.604209,0.07,0.43,886950,46.44962863,18896.82268,3.149470447,4
DISHA,LNG Tanker,2004,9.4058,94058,81097,277,43,64.5,64,10,9182.61708,0.08,0.42,768259.5,28.69146214,26456.54234,4.409423723,5
MARIGO P,Bulk Carrier,2016,9.4009,94009,179218,292,45,67.5,67,6,9177.833348,0.07,0.43,886950,17.41861074,50392.77701,8.398796168,9
HL GLADSTONE,Bulk Carrier,2011,9.3872,93872,179851,292,45,67.5,67,14,9164.458425,0.07,0.43,886950,40.64342505,21597.23351,3.599538919,5
VIENNA EXPRESS,Container Ship,2010,9.375,93750,103648,335,43,64.5,64,5,9152.547909,0.06,0.44,929122.5,14.68332387,62654.06661,10.44234444,11
CAPE CORMORANT,Bulk Carrier,2022,9.3719,93719,181500,292,45,67.5,67,20,9149.521467,0.07,0.43,886950,58.06203579,15118.32072,2.519720119,4
CORCOVADO,Container Ship,2015,9.3685,93685,116933,300,48,72,71,12,9146.202143,0.06,0.94,1036800,51.50782465,19951.41136,3.325235227,4
MEYNELL,Bulk Carrier,1997,9.3629,93629,185767,292,48,72,71,15,9140.735021,0.07,0.93,1009152,64.04139286,15615.07675,2.602512792,4
GLOVIS ADVANCE,Bulk Carrier,2012,9.3544,93544,179217,292,45,67.5,67,5,9132.436711,0.07,0.43,886950,14.51550895,60474.45987,10.07907664,11
MAERSK SYDNEY,Container Ship,2005,9.3511,93511,102861,335,43,64.5,64,4,9129.215014,0.06,0.44,929122.5,11.7466591,78319.56961,13.0532616,14
HL SALDANHA BAY,Bulk Carrier,2010,9.3461,93461,179147,292,45,67.5,67,19,9124.333655,0.07,0.43,886950,55.158934,15914.47845,2.652413075,4
PAROS,Bulk Carrier,2010,9.336,93360,182060,292,45,67.5,67,8,9114.47331,0.07,0.43,886950,23.22481432,37797.31087,6.299551812,7
GENCO TIGER,Bulk Carrier,2011,9.329,93290,179185,292,45,67.5,67,3,9107.639408,0.07,0.43,886950,8.709305368,100793.6137,16.79893561,18
CAPE KEYSTONE,Bulk Carrier,2011,9.3227,93227,179250,292,45,67.5,67,13,9101.488895,0.07,0.43,886950,37.74032326,23260.22766,3.87670461,5
WINNING SPIRIT,Bulk Carrier,2011,9.3175,93175,179213,292,45,67.5,67,16,9096.412282,0.07,0.43,886950,46.44962863,18899.04427,3.149840711,4
SEAUNITY,Bulk Carrier,2010,9.3074,93074,181360,292,45,67.5,67,5,9086.551937,0.07,0.43,886950,14.51550895,60477.62095,10.07960349,11
TRUE CAPTAIN,Bulk Carrier,2016,9.2992,92992,180981,292,45,67.5,67,7,9078.546509,0.07,0.43,886950,20.32171253,43198.69462,7.199782436,8
EREIKOUSSA,Bulk Carrier,2012,9.2865,92865,178896,292,45,67.5,67,14,9066.147857,0.07,0.43,886950,40.64342505,21599.65237,3.599942061,5
LAKE D,Bulk Carrier,2011,9.2752,92752,181458,292,45,67.5,67,20,9055.115986,0.07,0.43,886950,58.06203579,15119.94666,2.51999111,4
KINOKAWA MARU,Bulk Carrier,2013,9.2752,92752,181392,292,45,67.5,67,6,9055.115986,0.07,0.43,886950,17.41861074,50399.82219,8.399970366,9
BERGE MAWSON,Bulk Carrier,2015,9.2732,92732,181160,292,45,67.5,67,16,9053.163443,0.07,0.43,886950,46.44962863,18899.97536,3.149995893,4
THALASSINI NJORD,Bulk Carrier,2016,9.2696,92696,181218,292,45,67.5,67,17,9049.648864,0.07,0.43,886950,49.35273042,17788.28332,2.964713886,4
NAVIOS CANARY,Bulk Carrier,2015,9.2379,92379,180528,292,45,67.5,67,15,9018.701049,0.07,0.43,886950,43.54652684,20160.76511,3.360127518,4
GOLDEN BEIJING,Bulk Carrier,2010,9.227,92270,175820,292,45,67.5,67,10,9008.059686,0.07,0.43,886950,29.03101789,30241.51421,5.040252369,6
SKAGEN MAERSK,Container Ship,1999,9.2198,92198,110387,347,43,64.5,64,6,9001.03053,0.06,0.44,962404.5,17.61998865,54109.19885,9.018199808,10
OOCL UTAH,Container Ship,2015,9.2111,92111,101279,335,43,64.5,64,14,8992.536965,0.06,0.44,929122.5,41.11330685,22380.34431,3.730057385,5
CAPE SUN,Bulk Carrier,2010,9.205,92050,175611,292,45,67.5,67,9,8986.581707,0.07,0.43,886950,26.12791611,33602.50449,5.600417415,7
CIC ROLACO,Bulk Carrier,2012,9.1971,91971,175641,292,45,67.5,67,5,8978.86916,0.07,0.43,886950,14.51550895,60485.03942,10.0808399,11
CAPE SANDRA,Bulk Carrier,2011,9.191,91910,175607,290,45,67.5,67,12,8972.913902,0.07,0.43,880875,34.83722147,25027.88825,4.171314709,5
MALINDI,Bulk Carrier,2008,9.1739,91739,177987,292,45,67.5,67,4,8956.219655,0.07,0.43,886950,11.61240716,75608.24973,12.60137495,14
CAPE SHANGHAI,Bulk Carrier,2012,9.1625,91625,176460,292,45,67.5,67,9,8945.090157,0.07,0.43,886950,26.12791611,33604.09251,5.600682085,7
OOCL TAIPEI,Container Ship,2015,9.1499,91499,101147,335,43,64.5,64,13,8932.789132,0.06,0.44,929122.5,38.17664207,24103.47429,4.017245716,5
AFALES,Bulk Carrier,2012,9.1407,91407,177935,292,45,67.5,67,16,8923.807432,0.07,0.43,886950,46.44962863,18902.76023,3.150460038,4
EDWARD N,Bulk Carrier,2011,9.1374,91374,176216,292,45,67.5,67,7,8920.585735,0.07,0.43,886950,20.32171253,43206.46762,7.201077937,8
CASTA DIVA,Bulk Carrier,2011,9.1373,91373,177807,292,45,67.5,67,15,8920.488108,0.07,0.43,886950,43.54652684,20163.02046,3.360503411,4
LILA NINGBO,Bulk Carrier,2002,9.1178,91178,175775,282,45,67.5,67,11,8901.450808,0.07,0.43,856575,31.93411968,26544.44705,4.424074509,5
COSCO VIETNAM,Container Ship,2011,9.1051,91051,102875,334,43,64.5,64,12,8889.052157,0.06,0.44,926349,35.2399773,26034.63504,4.33910584,5
BILBAO KNUTSEN,LNG Tanker,2004,9.0835,90835,77217,284,43,64.5,64,10,8867.964686,0.07,0.43,787674,29.03101789,26826.68717,4.471114528,5
BAO CHANG HAI,Bulk Carrier,1990,9.0633,90633,173329,290,46,69,68,9,8848.243997,0.07,0.93,920460,38.42483572,23724.54531,3.954090885,5
HONORSHIP,Bulk Carrier,2010,9.0423,90423,180242,289,45,67.5,67,5,8827.742289,0.07,0.43,877837.5,14.51550895,59867.67401,9.977945668,11
MARAN TRANSPORTER,Bulk Carrier,2010,9.0136,90136,179719,292,45,67.5,67,19,8799.723289,0.07,0.43,886950,55.158934,15920.36345,2.653393908,4
MARAN ASTRONOMER,Bulk Carrier,2012,9.0104,90104,179719,292,45,67.5,67,18,8796.59922,0.07,0.43,886950,52.25583221,16804.88787,2.800814645,4
WINNING LOYALTY,Bulk Carrier,2004,9.0091,90091,180310,289,45,67.5,67,6,8795.330066,0.07,0.43,877837.5,17.41861074,49891.58912,8.315264853,9
BRAVE SAILOR,Bulk Carrier,2011,8.9991,89991,176283,292,45,67.5,67,16,8785.567348,0.07,0.43,886950,46.44962863,18905.73635,3.150956059,4
